{
  "project" : {
    "id" : "schedule-128034-tsI",
    "name" : "schedule-128034-tsI",
    "folder" : "/jaicp"
  },
  "settings" : {
    "language" : "ru",
    "spellingCorrection" : false,
    "classificationAlgorithm" : "sts",
    "timezone" : "Europe/Moscow",
    "extendedSettings" : {
      "tokenizerEngine" : "default"
    },
    "shared" : false
  },
  "intents" : [ {
    "id" : 205168,
    "path" : "/WhenStart",
    "enabled" : true,
    "shared" : false,
    "phrases" : [ {
      "text" : "когда начнется"
    }, {
      "text" : "когда начинается "
    }, {
      "text" : "во сколько начинается "
    }, {
      "text" : "во сколько начнется "
    } ],
    "patterns" : [ ],
    "slots" : [ {
      "name" : "when_start_entity",
      "entity" : "when_entity",
      "required" : true,
      "prompts" : [ ]
    }, {
      "name" : "start_entity",
      "entity" : "start_entity",
      "required" : true,
      "prompts" : [ ]
    } ]
  }, {
    "id" : 202977,
    "path" : "/WhenEnd",
    "enabled" : true,
    "shared" : false,
    "phrases" : [ {
      "text" : "во сколько кончится"
    }, {
      "text" : "во сколько кончается"
    }, {
      "text" : "во сколько закончатся"
    }, {
      "text" : "во сколько заканчиваются"
    }, {
      "text" : "когда кончится"
    }, {
      "text" : "когда закончится"
    }, {
      "text" : "когда кончаются"
    }, {
      "text" : "когда заканчиваются"
    } ],
    "patterns" : [ ],
    "slots" : [ {
      "name" : "when_entity",
      "entity" : "when_entity",
      "required" : true,
      "prompts" : [ ]
    }, {
      "name" : "end_entity",
      "entity" : "end_entity",
      "required" : true,
      "prompts" : [ ]
    } ]
  }, {
    "id" : 206527,
    "path" : "/HowManyLessons",
    "enabled" : true,
    "shared" : false,
    "phrases" : [ {
      "text" : "сколько пар будет"
    }, {
      "text" : "много ли пар "
    }, {
      "text" : "сколько сегодня занятий"
    }, {
      "text" : "как много сегодня пар"
    }, {
      "text" : "как много  занятий"
    }, {
      "text" : "сколько пар завтра"
    } ],
    "patterns" : [ ],
    "slots" : [ {
      "name" : "how_many_entity",
      "entity" : "how_many_entity",
      "required" : true,
      "prompts" : [ ]
    }, {
      "name" : "lesson_entity",
      "entity" : "lesson_entity",
      "required" : true,
      "prompts" : [ ]
    }, {
      "name" : "week_day_entity",
      "entity" : "duckling.date",
      "required" : false,
      "prompts" : [ ]
    } ]
  }, {
    "id" : 205169,
    "path" : "/WhenStart/today",
    "enabled" : true,
    "shared" : false,
    "phrases" : [ {
      "text" : "во сколько начинаются пары сегодня"
    }, {
      "text" : "когда начинаются пары сегодня"
    }, {
      "text" : "когда начнутся пары сегодня"
    }, {
      "text" : "во сколько начнутся пары сегодня"
    } ],
    "patterns" : [ ],
    "slots" : [ {
      "name" : "today",
      "entity" : "duckling.date",
      "required" : true,
      "prompts" : [ ]
    } ]
  }, {
    "id" : 207606,
    "path" : "/HowManyLessonsLeft",
    "enabled" : true,
    "shared" : false,
    "phrases" : [ {
      "text" : "сколько осталось пар"
    }, {
      "text" : "сколько сегодня осталось занятий"
    }, {
      "text" : "сколько еще пар"
    }, {
      "text" : "сколько еще занятий"
    }, {
      "text" : "много ли еще пар "
    }, {
      "text" : "много ли еще занятий"
    }, {
      "text" : "как много еще пар "
    }, {
      "text" : "много ли осталось занятий"
    }, {
      "text" : "как много занятий осталось "
    }, {
      "text" : "сколько осталось занятий"
    }, {
      "text" : "сколько пар еще осталось "
    }, {
      "text" : "сколько занятий еще осталось "
    } ],
    "patterns" : [ ],
    "slots" : [ {
      "name" : "how_many_entity",
      "entity" : "how_many_entity",
      "required" : true,
      "prompts" : [ ]
    }, {
      "name" : "lesson_entity",
      "entity" : "lesson_entity",
      "required" : true,
      "prompts" : [ ]
    }, {
      "name" : "how_many_left_entity",
      "entity" : "how_many_left_entity",
      "required" : true,
      "prompts" : [ ]
    } ]
  }, {
    "id" : 205751,
    "path" : "/WhenStart/tomorrow",
    "enabled" : true,
    "shared" : false,
    "phrases" : [ {
      "text" : "во сколько начнутся пары завтра"
    }, {
      "text" : "во сколько начинаются пары завтра"
    }, {
      "text" : "когда начнутся пары завтра"
    }, {
      "text" : "когда начинаются пары завтра"
    } ],
    "patterns" : [ ],
    "slots" : [ {
      "name" : "tomorrow",
      "entity" : "duckling.date",
      "required" : true,
      "prompts" : [ ]
    } ]
  }, {
    "id" : 205753,
    "path" : "/WhenEnd/tomorrow",
    "enabled" : true,
    "shared" : false,
    "phrases" : [ {
      "text" : "во сколько кончаются пары завтра"
    }, {
      "text" : "во сколько заканчиваются пары завтра"
    }, {
      "text" : "во сколько кончается последняя пара завтра"
    }, {
      "text" : "когда кончаются пары завтра"
    }, {
      "text" : "когда кончается последняя пара завтра "
    }, {
      "text" : "когда заканчиваются пары завтра"
    } ],
    "patterns" : [ ],
    "slots" : [ {
      "name" : "tomorrow",
      "entity" : "duckling.date",
      "required" : true,
      "prompts" : [ ]
    } ]
  }, {
    "id" : 208618,
    "path" : "/FirstLesson",
    "enabled" : true,
    "shared" : false,
    "phrases" : [ {
      "text" : "К какой паре завтра"
    }, {
      "text" : "Какая пара первая"
    }, {
      "text" : "Какой номер первой пары в расписании"
    }, {
      "text" : "какая первая пара "
    }, {
      "text" : "к какой паре"
    } ],
    "patterns" : [ ],
    "slots" : [ {
      "name" : "week_day_entity",
      "entity" : "duckling.date",
      "required" : false,
      "prompts" : [ ]
    } ]
  }, {
    "id" : 202303,
    "path" : "/NextWeek",
    "enabled" : true,
    "shared" : false,
    "phrases" : [ {
      "text" : "какое расписание на следующей неделе"
    }, {
      "text" : "покажи расписание на следующей неделе"
    }, {
      "text" : "что на следующей неделе"
    }, {
      "text" : "какие пары на следующей неделе"
    }, {
      "text" : "какие занятия на следующей неделе"
    }, {
      "text" : "покажи на следующую неделю"
    } ],
    "patterns" : [ ],
    "slots" : [ {
      "name" : "next_week",
      "entity" : "next_week_entity",
      "required" : true,
      "prompts" : [ ]
    } ]
  }, {
    "id" : 202947,
    "path" : "/TodaySchedule",
    "enabled" : true,
    "shared" : false,
    "phrases" : [ {
      "text" : "покажи расписание на сегодня"
    }, {
      "text" : "расписание на сегодня"
    }, {
      "text" : "какие пары будут сегодня"
    }, {
      "text" : "какие занятия будут сегодня"
    }, {
      "text" : "какие пары сегодня"
    }, {
      "text" : "какие занятия сегодня"
    }, {
      "text" : "что по парам сегодня"
    }, {
      "text" : "что по занятиям сегодня"
    }, {
      "text" : "Сегодня"
    }, {
      "text" : "открой пары на сегодня"
    } ],
    "patterns" : [ ],
    "slots" : [ {
      "name" : "duckling.date",
      "entity" : "duckling.date",
      "required" : true,
      "prompts" : [ ]
    } ]
  }, {
    "id" : 202553,
    "path" : "/TomorrowSchedule",
    "enabled" : true,
    "shared" : false,
    "phrases" : [ {
      "text" : "покажи расписание на завтра"
    }, {
      "text" : "расписание на завтра"
    }, {
      "text" : "какие пары будут завтра"
    }, {
      "text" : "какие занятия будут завтра"
    }, {
      "text" : "какие пары завтра"
    }, {
      "text" : "какие занятия завтра"
    }, {
      "text" : "что по парам завтра"
    }, {
      "text" : "что по занятиям завтра"
    }, {
      "text" : "Завтра"
    } ],
    "patterns" : [ ],
    "slots" : [ {
      "name" : "duckling.date",
      "entity" : "duckling.date",
      "required" : true,
      "prompts" : [ ]
    } ]
  }, {
    "id" : 202560,
    "path" : "/ThisWeek",
    "enabled" : true,
    "shared" : false,
    "phrases" : [ {
      "text" : "какое расписание на неделе"
    }, {
      "text" : "что там на неделе"
    }, {
      "text" : "че там на неделе"
    }, {
      "text" : "какие пары на этой неделе"
    }, {
      "text" : "какие занятия на этой неделе"
    }, {
      "text" : "покажи на неделю"
    }, {
      "text" : "какое расписание на неделю"
    }, {
      "text" : "покажи расписание на эту неделю"
    }, {
      "text" : "какое расписание на эту неделю"
    }, {
      "text" : "Расписание на текущую неделю"
    }, {
      "text" : "Текущая неделя"
    }, {
      "text" : "Эта неделя"
    }, {
      "text" : "текущая неделя"
    } ],
    "patterns" : [ ],
    "slots" : [ {
      "name" : "this_week",
      "entity" : "this_week_entity",
      "required" : true,
      "prompts" : [ ]
    } ]
  }, {
    "id" : 218778,
    "path" : "/DaySchedule",
    "enabled" : true,
    "shared" : false,
    "phrases" : [ {
      "text" : "этот Понедельник"
    }, {
      "text" : "этот Вторник"
    }, {
      "text" : "эту среду"
    }, {
      "text" : "этот Четверг "
    }, {
      "text" : "эту Пятницу"
    }, {
      "text" : "эту Субботу"
    }, {
      "text" : "суббота"
    }, {
      "text" : "воскресенье"
    }, {
      "text" : "пятница"
    }, {
      "text" : "четверг"
    }, {
      "text" : "среда"
    }, {
      "text" : "вторник"
    }, {
      "text" : "понедельник"
    }, {
      "text" : "субботу"
    }, {
      "text" : "пятницу"
    }, {
      "text" : "среду"
    }, {
      "text" : "расписание на понедельник"
    }, {
      "text" : "расписание на вторник"
    }, {
      "text" : "расписание на среду"
    }, {
      "text" : "расписание на четверг"
    }, {
      "text" : "расписание на пятницу"
    }, {
      "text" : "расписание на субботу"
    }, {
      "text" : "расписание на воскресенье"
    } ],
    "patterns" : [ ],
    "slots" : [ {
      "name" : "this_week",
      "entity" : "this_week_entity",
      "required" : false,
      "prompts" : [ ]
    }, {
      "name" : "next_week",
      "entity" : "next_week_entity",
      "required" : false,
      "prompts" : [ ]
    }, {
      "name" : "week_day_entity",
      "entity" : "duckling.time",
      "required" : true,
      "prompts" : [ ]
    } ]
  }, {
    "id" : 205171,
    "path" : "/WhenEnd/today",
    "enabled" : true,
    "shared" : false,
    "phrases" : [ {
      "text" : "во сколько кончатся завтра пары "
    }, {
      "text" : "во сколько закончатся пары сегодня"
    }, {
      "text" : "во сколько закончится последняя пара сегодня"
    }, {
      "text" : "во сколько заканчивается последняя пара сегодня"
    }, {
      "text" : "во сколько кончится последняя пара сегодня"
    }, {
      "text" : "когда кончится последняя пара сегодня"
    }, {
      "text" : "когда закончатся пары сегодня"
    }, {
      "text" : "когда кончаются пары сегодня"
    }, {
      "text" : "когда кончатся последняя пара сегодня"
    } ],
    "patterns" : [ ],
    "slots" : [ {
      "name" : "today",
      "entity" : "duckling.date",
      "required" : true,
      "prompts" : [ ]
    } ]
  }, {
    "id" : 202975,
    "path" : "/WhenStart/today/ordinal_today",
    "enabled" : true,
    "shared" : false,
    "phrases" : [ {
      "text" : "когда начнется сегодня первая пара"
    }, {
      "text" : "когда сегодня начнется третья пара"
    }, {
      "text" : "когда сегодня начнется вторая пара"
    }, {
      "text" : "когда сегодня начнется четвертая пара"
    }, {
      "text" : "когда сегодня начнется пятая пара"
    }, {
      "text" : "когда сегодня начнется шестая пара"
    }, {
      "text" : "когда сегодня начнется седьмая пара"
    }, {
      "text" : "во сколько начнется сегодня первая пара"
    }, {
      "text" : "во сколько начнется сегодня вторая пара"
    }, {
      "text" : "во сколько начнется сегодня третья пара"
    }, {
      "text" : "во сколько начнется сегодня четвертая пара"
    }, {
      "text" : "во сколько начнется сегодня пятая пара"
    }, {
      "text" : "во сколько начнется сегодня шестая пара"
    }, {
      "text" : "во сколько начнется сегодня седьмая пара"
    } ],
    "patterns" : [ ],
    "slots" : [ {
      "name" : "ordinal_start_today",
      "entity" : "duckling.ordinal",
      "required" : true,
      "prompts" : [ ]
    } ]
  }, {
    "id" : 205752,
    "path" : "/WhenStart/tomorrow/ordinal_tomorrow",
    "enabled" : true,
    "shared" : false,
    "phrases" : [ {
      "text" : "когда начнется завтра первая пара"
    }, {
      "text" : "когда начнется завтра вторая пара"
    }, {
      "text" : "когда начнется завтра третья пара"
    }, {
      "text" : "когда начнется завтра четвертая пара"
    }, {
      "text" : "когда начнется завтра пятая пара"
    }, {
      "text" : "когда начнется завтра шестая пара"
    }, {
      "text" : "когда начнется завтра седьмая пара"
    }, {
      "text" : "во сколько начнется завтра первая пара"
    }, {
      "text" : "во сколько начнется завтра вторая пара"
    }, {
      "text" : "во сколько начнется завтра третья пара"
    }, {
      "text" : "во сколько начнется завтра четвертая пара"
    }, {
      "text" : "во сколько начнется завтра пятая пара"
    }, {
      "text" : "во сколько начнется завтра шестая пара"
    }, {
      "text" : "во сколько начнется завтра седьмая пара"
    } ],
    "patterns" : [ ],
    "slots" : [ {
      "name" : "ordinal_start_tomorrow",
      "entity" : "duckling.ordinal",
      "required" : true,
      "prompts" : [ ]
    } ]
  }, {
    "id" : 202978,
    "path" : "/WhenEnd/today/ordinal_today",
    "enabled" : true,
    "shared" : false,
    "phrases" : [ {
      "text" : "во сколько сегодня кончится вторая пара"
    }, {
      "text" : "во сколько сегодня кончится третья пара"
    }, {
      "text" : "во сколько сегодня кончится четвертая пара"
    }, {
      "text" : "во сколько сегодня кончится пятая пара"
    }, {
      "text" : "во сколько сегодня кончится шестая пара"
    }, {
      "text" : "во сколько сегодня кончится седьмая пара"
    }, {
      "text" : "когда сегодня кончится первая пара"
    }, {
      "text" : "когда сегодня кончится вторая пара"
    }, {
      "text" : "когда сегодня кончится третья пара"
    }, {
      "text" : "когда сегодня кончится четвертая пара"
    }, {
      "text" : "когда сегодня кончится пятая пара"
    }, {
      "text" : "когда сегодня кончится шестая пара"
    }, {
      "text" : "когда сегодня кончится седьмая пара"
    }, {
      "text" : "во сколько сегодня кончится первая пара"
    }, {
      "text" : "во сколько сегодня закончится первая пара"
    }, {
      "text" : "во сколько сегодня закончится вторая пара"
    }, {
      "text" : "во сколько сегодня закончится третья пара"
    }, {
      "text" : "во сколько сегодня закончится четвертая пара"
    }, {
      "text" : "во сколько сегодня закончится пятая пара"
    }, {
      "text" : "во сколько сегодня закончится шестая пара"
    }, {
      "text" : "во сколько сегодня закончится седьмая пара"
    }, {
      "text" : "когда сегодня закончится первая пара"
    }, {
      "text" : "когда сегодня кончится вторая пара"
    }, {
      "text" : "когда сегодня закончится третья пара"
    }, {
      "text" : "когда сегодня закончится четвертая пара"
    }, {
      "text" : "когда сегодня закончится пятая пара"
    }, {
      "text" : "когда сегодня закончится шестая пара"
    }, {
      "text" : "когда сегодня закончится седьмая пара"
    } ],
    "patterns" : [ ],
    "slots" : [ {
      "name" : "ordinal_end_today",
      "entity" : "duckling.ordinal",
      "required" : true,
      "prompts" : [ ]
    } ]
  }, {
    "id" : 205173,
    "path" : "/WhenEnd/tomorrow/ordinal_tomorrow",
    "enabled" : true,
    "shared" : false,
    "phrases" : [ {
      "text" : "во сколько завтра кончится первая пара"
    }, {
      "text" : "во сколько завтра кончится вторая пара"
    }, {
      "text" : "во сколько завтра кончится третья пара"
    }, {
      "text" : "во сколько завтра кончится четвертая пара"
    }, {
      "text" : "во сколько завтра кончится пятая пара"
    }, {
      "text" : "во сколько завтра кончится шестая пара"
    }, {
      "text" : "во сколько завтра кончится седьмая пара"
    }, {
      "text" : "когда завтра кончится первая пара"
    }, {
      "text" : "когда завтра кончится вторая пара"
    }, {
      "text" : "когда завтра кончится третья пара"
    }, {
      "text" : "когда завтра кончится четвертая пара"
    }, {
      "text" : "когда завтра кончится пятая пара"
    }, {
      "text" : "когда завтра кончится шестая пара"
    }, {
      "text" : "когда завтра кончится седьмая пара"
    }, {
      "text" : "во сколько завтра закончится первая пара"
    }, {
      "text" : "во сколько завтра закончится вторая пара"
    }, {
      "text" : "во сколько завтра закончится третья пара"
    }, {
      "text" : "во сколько завтра закончится четвертая пара"
    }, {
      "text" : "во сколько завтра закончится пятая пара"
    }, {
      "text" : "во сколько завтра закончится шестая пара"
    }, {
      "text" : "во сколько завтра закончится седьмая пара"
    }, {
      "text" : "когда завтра закончится первая пара"
    }, {
      "text" : "когда завтра закончится вторая пара"
    }, {
      "text" : "когда завтра закончится третья пара"
    }, {
      "text" : "когда завтра закончится четвертая пара"
    }, {
      "text" : "когда завтра закончится пятая пара"
    }, {
      "text" : "когда завтра закончится шестая пара"
    }, {
      "text" : "когда завтра закончится седьмая пара"
    } ],
    "patterns" : [ ],
    "slots" : [ {
      "name" : "ordinal_end_tomorrow",
      "entity" : "duckling.ordinal",
      "required" : true,
      "prompts" : [ ]
    } ]
  }, {
    "id" : 208212,
    "path" : "/WhatLesson",
    "enabled" : true,
    "shared" : false,
    "phrases" : [ {
      "text" : "Что за пара сейчас"
    }, {
      "text" : "Что за пара будет"
    }, {
      "text" : "Что за пара следующая"
    }, {
      "text" : "Какая пара следующая"
    }, {
      "text" : "Какая пара сейчас"
    }, {
      "text" : "Какая пара сейчас будет "
    }, {
      "text" : "Какое сейчас занятие "
    } ],
    "patterns" : [ ]
  } ],
  "entities" : [ {
    "entity" : {
      "id" : 115842,
      "name" : "end_entity",
      "enabled" : true,
      "shared" : false,
      "type" : "annotation",
      "priority" : 1,
      "noSpelling" : false,
      "noMorph" : false
    },
    "records" : [ {
      "id" : 10737696,
      "type" : "synonyms",
      "rule" : [ "кончатся" ],
      "value" : ""
    }, {
      "id" : 10737697,
      "type" : "synonyms",
      "rule" : [ "кончаются" ],
      "value" : ""
    }, {
      "id" : 10737698,
      "type" : "synonyms",
      "rule" : [ "заканчиваются" ],
      "value" : ""
    }, {
      "id" : 10737699,
      "type" : "synonyms",
      "rule" : [ "кончается" ],
      "value" : ""
    }, {
      "id" : 10737700,
      "type" : "synonyms",
      "rule" : [ "закончится" ],
      "value" : ""
    }, {
      "id" : 10738214,
      "type" : "synonyms",
      "rule" : [ "закончатся" ],
      "value" : ""
    }, {
      "id" : 10738215,
      "type" : "synonyms",
      "rule" : [ "заканчивается " ],
      "value" : ""
    }, {
      "id" : 10738216,
      "type" : "synonyms",
      "rule" : [ "кончится" ],
      "value" : ""
    } ]
  }, {
    "entity" : {
      "id" : 116444,
      "name" : "how_many_entity",
      "enabled" : true,
      "shared" : false,
      "type" : "annotation",
      "priority" : 1,
      "noSpelling" : false,
      "noMorph" : false
    },
    "records" : [ {
      "id" : 10798557,
      "type" : "synonyms",
      "rule" : [ "много ли" ],
      "value" : ""
    }, {
      "id" : 10807914,
      "type" : "synonyms",
      "rule" : [ "сколько" ],
      "value" : ""
    }, {
      "id" : 10808301,
      "type" : "synonyms",
      "rule" : [ "как много" ],
      "value" : ""
    }, {
      "id" : 10808302,
      "type" : "synonyms",
      "rule" : [ "много" ],
      "value" : ""
    } ]
  }, {
    "entity" : {
      "id" : 116471,
      "name" : "how_many_left_entity",
      "enabled" : true,
      "shared" : false,
      "type" : "annotation",
      "priority" : 1,
      "noSpelling" : false,
      "noMorph" : false
    },
    "records" : [ {
      "id" : 10810705,
      "type" : "synonyms",
      "rule" : [ "осталось" ],
      "value" : ""
    }, {
      "id" : 10810910,
      "type" : "synonyms",
      "rule" : [ "еще" ],
      "value" : ""
    } ]
  }, {
    "entity" : {
      "id" : 116445,
      "name" : "lesson_entity",
      "enabled" : true,
      "shared" : false,
      "type" : "annotation",
      "priority" : 1,
      "noSpelling" : false,
      "noMorph" : false
    },
    "records" : [ {
      "id" : 10798558,
      "type" : "synonyms",
      "rule" : [ "занятие" ],
      "value" : ""
    }, {
      "id" : 10798559,
      "type" : "synonyms",
      "rule" : [ "урок" ],
      "value" : ""
    }, {
      "id" : 10807915,
      "type" : "synonyms",
      "rule" : [ "пар" ],
      "value" : ""
    }, {
      "id" : 10808303,
      "type" : "synonyms",
      "rule" : [ "пара" ],
      "value" : ""
    }, {
      "id" : 10808304,
      "type" : "synonyms",
      "rule" : [ "предмет" ],
      "value" : ""
    } ]
  }, {
    "entity" : {
      "id" : 115839,
      "name" : "next_week_entity",
      "enabled" : true,
      "shared" : false,
      "type" : "annotation",
      "priority" : 1,
      "noSpelling" : false,
      "noMorph" : false
    },
    "records" : [ {
      "id" : 10737693,
      "type" : "synonyms",
      "rule" : [ "следующую неделю" ],
      "value" : ""
    }, {
      "id" : 10737928,
      "type" : "synonyms",
      "rule" : [ "следующей неделе" ],
      "value" : ""
    }, {
      "id" : 10738971,
      "type" : "synonyms",
      "rule" : [ "следующая неделя" ],
      "value" : ""
    }, {
      "id" : 11319584,
      "type" : "synonyms",
      "rule" : [ "следующее" ],
      "value" : ""
    }, {
      "id" : 11319974,
      "type" : "synonyms",
      "rule" : [ "следующую" ],
      "value" : ""
    }, {
      "id" : 11319975,
      "type" : "synonyms",
      "rule" : [ "следующий" ],
      "value" : ""
    } ]
  }, {
    "entity" : {
      "id" : 115841,
      "name" : "start_entity",
      "enabled" : true,
      "shared" : false,
      "type" : "annotation",
      "priority" : 1,
      "noSpelling" : false,
      "noMorph" : false
    },
    "records" : [ {
      "id" : 10737695,
      "type" : "synonyms",
      "rule" : [ "начинается" ],
      "value" : ""
    }, {
      "id" : 10738212,
      "type" : "synonyms",
      "rule" : [ "начинаются" ],
      "value" : ""
    }, {
      "id" : 10738213,
      "type" : "synonyms",
      "rule" : [ "начнутся" ],
      "value" : ""
    }, {
      "id" : 10738977,
      "type" : "synonyms",
      "rule" : [ "начнется" ],
      "value" : ""
    } ]
  }, {
    "entity" : {
      "id" : 116390,
      "name" : "this_week_entity",
      "enabled" : true,
      "shared" : false,
      "type" : "annotation",
      "priority" : 1,
      "noSpelling" : false,
      "noMorph" : false
    },
    "records" : [ {
      "id" : 10706927,
      "type" : "synonyms",
      "rule" : [ "эта неделя" ],
      "value" : ""
    }, {
      "id" : 10738207,
      "type" : "synonyms",
      "rule" : [ "текущей неделе" ],
      "value" : ""
    }, {
      "id" : 10738208,
      "type" : "synonyms",
      "rule" : [ "неделе" ],
      "value" : ""
    }, {
      "id" : 10738209,
      "type" : "synonyms",
      "rule" : [ "неделю" ],
      "value" : ""
    }, {
      "id" : 10738969,
      "type" : "synonyms",
      "rule" : [ "этой неделе" ],
      "value" : ""
    }, {
      "id" : 10738970,
      "type" : "synonyms",
      "rule" : [ "эту неделю" ],
      "value" : ""
    }, {
      "id" : 10738972,
      "type" : "synonyms",
      "rule" : [ "текущую неделю" ],
      "value" : ""
    }, {
      "id" : 11296125,
      "type" : "synonyms",
      "rule" : [ "текущая неделя" ],
      "value" : ""
    }, {
      "id" : 11315141,
      "type" : "synonyms",
      "rule" : [ "этот" ],
      "value" : ""
    }, {
      "id" : 11319585,
      "type" : "synonyms",
      "rule" : [ "эту" ],
      "value" : ""
    }, {
      "id" : 11319586,
      "type" : "synonyms",
      "rule" : [ "текущее" ],
      "value" : ""
    }, {
      "id" : 11319976,
      "type" : "synonyms",
      "rule" : [ "текущий" ],
      "value" : ""
    } ]
  }, {
    "entity" : {
      "id" : 116395,
      "name" : "when_entity",
      "enabled" : true,
      "shared" : false,
      "type" : "annotation",
      "priority" : 1,
      "noSpelling" : false,
      "noMorph" : false
    },
    "records" : [ {
      "id" : 10738973,
      "type" : "synonyms",
      "rule" : [ "во сколько" ],
      "value" : ""
    }, {
      "id" : 10738974,
      "type" : "synonyms",
      "rule" : [ "когда" ],
      "value" : ""
    } ]
  }, {
    "entity" : {
      "id" : 115896,
      "name" : "will_or_now_entity",
      "enabled" : true,
      "shared" : false,
      "type" : "annotation",
      "priority" : 1,
      "noSpelling" : false,
      "noMorph" : false
    },
    "records" : [ {
      "id" : 10811031,
      "type" : "synonyms",
      "rule" : [ "будет" ],
      "value" : "{\n  \"when\": \"will\"\n}"
    }, {
      "id" : 10811032,
      "type" : "synonyms",
      "rule" : [ "будет следующая" ],
      "value" : "{\n  \"when\": \"will\"\n}"
    }, {
      "id" : 10811033,
      "type" : "synonyms",
      "rule" : [ "сейчас будет" ],
      "value" : "{\n  \"when\": \"will\"\n}"
    }, {
      "id" : 10811034,
      "type" : "synonyms",
      "rule" : [ "сейчас" ],
      "value" : "{\n  \"when\": \"now\"\n}"
    }, {
      "id" : 10811405,
      "type" : "synonyms",
      "rule" : [ "следующая" ],
      "value" : "{\n  \"when\": \"will\"\n}"
    }, {
      "id" : 11032837,
      "type" : "synonyms",
      "rule" : [ "будет дальше" ],
      "value" : "{\n  \"when\": \"will\"\n}"
    }, {
      "id" : 11034204,
      "type" : "synonyms",
      "rule" : [ "дальше" ],
      "value" : "{\n  \"when\": \"will\"\n}"
    } ]
  } ],
  "enabledSystemEntities" : [ "duckling.number", "duckling.time", "duckling.duration", "duckling.phone-number", "duckling.email", "duckling.url", "duckling.date", "duckling.ordinal" ]
}